t (s),AceX,AceY,AceZ,GirX,GirY,GirZ,Altura
2.128333806991577,17540.00,-400.00,1784.00,-879.00,14.00,118.00,-0.96
2.1717193126678467,17592.00,-396.00,1784.00,-907.00,20.00,128.00,-0.96
2.205857038497925,17444.00,-432.00,1636.00,-858.00,42.00,74.00,-0.97
2.2502634525299072,17476.00,-500.00,1776.00,-888.00,-5.00,114.00,-0.97
2.303910255432129,17480.00,-436.00,1664.00,-869.00,6.00,105.00,-1.02
2.3612961769104004,17404.00,-440.00,1764.00,-863.00,-32.00,118.00,-0.97
2.4144577980041504,17444.00,-472.00,1708.00,-899.00,14.00,125.00,-1.20
2.4714407920837402,17604.00,-380.00,1752.00,-881.00,-12.00,139.00,-1.07
2.5243053436279297,17456.00,-480.00,1760.00,-875.00,3.00,124.00,-1.20
2.5782594680786133,17592.00,-476.00,1780.00,-872.00,2.00,118.00,-1.23
2.635554313659668,17560.00,-396.00,1724.00,-858.00,-1.00,111.00,-1.47
2.689061403274536,17532.00,-516.00,1636.00,-911.00,10.00,134.00,-1.22
2.7453439235687256,17428.00,-572.00,1932.00,-857.00,16.00,102.00,-1.47
2.799938440322876,17428.00,-416.00,1800.00,-859.00,-11.00,86.00,-1.35
2.856901168823242,17580.00,-484.00,1728.00,-913.00,-7.00,105.00,-0.97
2.9099864959716797,17580.00,-396.00,1856.00,-899.00,16.00,108.00,-1.36
2.9631197452545166,17472.00,-500.00,1720.00,-855.00,24.00,94.00,-1.36
3.020009756088257,17476.00,-516.00,1740.00,-880.00,-36.00,88.00,-0.99
3.073734760284424,17556.00,-512.00,1752.00,-886.00,16.00,117.00,-1.07
3.1309375762939453,17476.00,-492.00,1748.00,-888.00,-16.00,98.00,-0.87
3.1845383644104004,17268.00,-456.00,1756.00,-877.00,-17.00,102.00,-1.10
3.241990089416504,17476.00,-476.00,1808.00,-865.00,9.00,100.00,-0.98
3.2948477268218994,17508.00,-540.00,1700.00,-868.00,-33.00,108.00,-1.02
3.352617025375366,17484.00,-444.00,1756.00,-880.00,-16.00,121.00,-1.02
3.409196376800537,17488.00,-536.00,1720.00,-873.00,-16.00,130.00,-1.17
3.46313738822937,17436.00,-400.00,1668.00,-876.00,-60.00,135.00,-1.16
3.5204710960388184,17568.00,-476.00,1860.00,-925.00,54.00,137.00,-1.26
3.5733802318573,17344.00,-536.00,1864.00,-848.00,-60.00,127.00,-1.23
3.6305360794067383,17516.00,-476.00,1688.00,-855.00,-1.00,77.00,-1.03
3.6838150024414062,17528.00,-380.00,1836.00,-885.00,-5.00,109.00,-1.03
3.774240493774414,17408.00,-588.00,1672.00,-905.00,29.00,105.00,-1.03
3.827615976333618,17564.00,-548.00,1688.00,-895.00,22.00,112.00,-0.80
3.8808610439300537,17472.00,-536.00,1700.00,-870.00,5.00,128.00,-1.09
3.9374780654907227,17464.00,-512.00,1836.00,-853.00,12.00,108.00,-1.17
3.9912948608398438,17492.00,-480.00,1668.00,-873.00,2.00,114.00,-1.13
4.045335292816162,17612.00,-432.00,1724.00,-907.00,13.00,125.00,-1.25
4.102116584777832,17472.00,-456.00,1696.00,-914.00,-14.00,127.00,-1.01
4.159116744995117,17484.00,-508.00,1888.00,-874.00,-19.00,123.00,-1.01
4.212521553039551,17532.00,-536.00,1776.00,-870.00,-33.00,117.00,-0.98
4.27003026008606,17424.00,-560.00,1904.00,-892.00,26.00,94.00,-0.66
4.323160648345947,17504.00,-464.00,1720.00,-893.00,24.00,114.00,-0.73
4.376664161682129,17404.00,-580.00,1816.00,-909.00,45.00,94.00,-0.89
4.433613061904907,17456.00,-456.00,1780.00,-876.00,-1.00,125.00,-0.84
4.48694372177124,17532.00,-436.00,1752.00,-856.00,-4.00,139.00,-1.01
4.544255018234253,17524.00,-412.00,1732.00,-900.00,-9.00,128.00,-1.01
4.597043991088867,17592.00,-464.00,1852.00,-890.00,-19.00,103.00,-0.95
4.650836229324341,17544.00,-560.00,1820.00,-905.00,9.00,124.00,-1.07
4.708136796951294,17512.00,-584.00,1708.00,-834.00,-20.00,91.00,-0.81
4.761942625045776,17464.00,-528.00,1752.00,-924.00,38.00,124.00,-1.06
4.818292140960693,17456.00,-536.00,1828.00,-897.00,14.00,124.00,-1.05
4.871770620346069,17556.00,-484.00,1800.00,-903.00,25.00,121.00,-1.18
4.929210186004639,17616.00,-508.00,1720.00,-887.00,-22.00,146.00,-1.18
4.982524156570435,17548.00,-600.00,1712.00,-922.00,21.00,71.00,-1.08
5.039429426193237,17512.00,-512.00,1784.00,-891.00,12.00,127.00,-1.25
5.093113899230957,17612.00,-472.00,1700.00,-875.00,41.00,117.00,-1.08
5.1461265087127686,17396.00,-448.00,1844.00,-922.00,-1.00,93.00,-1.16
5.199281454086304,17556.00,-452.00,1844.00,-884.00,9.00,108.00,-0.88
5.256956100463867,17464.00,-516.00,1788.00,-879.00,0.00,144.00,-0.89
5.343034029006958,17616.00,-452.00,1740.00,-855.00,-14.00,94.00,-0.89
5.400359392166138,17536.00,-460.00,1760.00,-881.00,-17.00,86.00,-0.85
5.453853368759155,17560.00,-452.00,1740.00,-880.00,-5.00,119.00,-1.06
5.506686210632324,17360.00,-456.00,1824.00,-886.00,-4.00,124.00,-1.14
5.564330577850342,17604.00,-356.00,1716.00,-902.00,10.00,107.00,-1.14
5.62165904045105,17572.00,-500.00,1640.00,-855.00,-10.00,121.00,-0.98
5.675034046173096,17388.00,-400.00,1864.00,-916.00,22.00,108.00,-1.01
5.7275331020355225,17544.00,-436.00,1724.00,-898.00,30.00,115.00,-0.99
5.784891366958618,17536.00,-464.00,1828.00,-843.00,31.00,104.00,-0.99
5.838872909545898,17600.00,-340.00,1684.00,-884.00,41.00,107.00,-1.21
5.899940729141235,17876.00,-6140.00,6152.00,420.00,-123.00,-648.00,-1.21
5.957272291183472,21104.00,928.00,6532.00,7431.00,13359.00,2976.00,-1.39
6.014964818954468,18396.00,-6472.00,3552.00,2752.00,2528.00,-6403.00,-1.39
6.075328826904297,17508.00,-3060.00,5496.00,4719.00,6124.00,-6783.00,-1.38
6.1381683349609375,18300.00,-1904.00,4284.00,3246.00,7375.00,-8324.00,-1.25
6.198990821838379,15908.00,-1560.00,3472.00,7652.00,3914.00,-1588.00,-1.25
6.2567338943481445,15980.00,-600.00,1944.00,7947.00,-3754.00,1258.00,-1.11
6.313384056091309,17212.00,-12.00,2024.00,4802.00,-3993.00,2412.00,-1.11
6.371449947357178,16304.00,1864.00,3820.00,6184.00,-534.00,2220.00,-1.15
6.432629823684692,18024.00,4652.00,716.00,5138.00,-3526.00,-188.00,-1.21
6.490284204483032,16380.00,3200.00,1596.00,4296.00,-5162.00,2150.00,-1.15
6.550711631774902,15592.00,2700.00,1028.00,3208.00,-6177.00,-775.00,-0.73
6.608773946762085,16528.00,4600.00,-252.00,1514.00,-6035.00,3920.00,-0.73
6.670098781585693,17344.00,4384.00,-284.00,-2342.00,-5847.00,2995.00,-0.81
6.727074861526489,17484.00,3060.00,416.00,1868.00,-7041.00,3289.00,-0.71
6.788211822509766,18124.00,3084.00,-1284.00,-1760.00,-4454.00,4544.00,-0.93
6.849595069885254,16656.00,2928.00,-2892.00,-677.00,-11107.00,3252.00,-1.08
6.911581754684448,15448.00,1324.00,-4864.00,-1733.00,-13523.00,-293.00,-1.36
6.973178148269653,16248.00,3080.00,-5876.00,-3293.00,-18878.00,-487.00,-1.22
7.038043737411499,16272.00,3752.00,-7624.00,-6011.00,-13347.00,-718.00,-1.22
7.099904537200928,14988.00,2992.00,-8188.00,-8109.00,-13046.00,-374.00,-1.14
7.161305904388428,14112.00,2484.00,-8008.00,-7657.00,-12025.00,1717.00,-1.16
7.222998380661011,14088.00,3992.00,-6860.00,-9222.00,-7270.00,3439.00,-1.10
7.284201622009277,15292.00,6020.00,-6708.00,-10184.00,5024.00,4180.00,-0.82
7.345965623855591,13772.00,3664.00,-8760.00,-12737.00,13102.00,4694.00,-1.03
7.407126426696777,15836.00,3976.00,-2984.00,-8430.00,22256.00,5512.00,-0.94
7.468563795089722,16856.00,3868.00,-3816.00,-8995.00,22029.00,6253.00,-0.94
7.5296101570129395,18684.00,5660.00,-3032.00,-4629.00,25316.00,5993.00,-0.96
7.591216802597046,15892.00,712.00,1852.00,-6706.00,20405.00,4279.00,-1.00
7.649062633514404,16232.00,948.00,5664.00,-8942.00,26018.00,9901.00,-0.81
7.710516452789307,15548.00,960.00,8748.00,-9831.00,26500.00,11976.00,-1.04
7.772190809249878,14344.00,-1048.00,7760.00,-8690.00,17054.00,1650.00,-0.75
7.833376884460449,12360.00,-2392.00,11576.00,-5809.00,6720.00,-8492.00,-1.01
7.895007133483887,11616.00,-1328.00,12416.00,-7167.00,5088.00,-11838.00,-1.01
7.960431098937988,13864.00,-212.00,11568.00,-4683.00,2379.00,-10031.00,-1.29
8.021742582321167,12760.00,-132.00,13188.00,-4202.00,-5262.00,-6827.00,-0.99
8.083366394042969,14008.00,740.00,12732.00,-5085.00,-5630.00,-2827.00,-0.73
8.14478850364685,15016.00,908.00,13160.00,-1963.00,-7136.00,-1354.00,-1.12
8.205583810806274,15184.00,-1352.00,10360.00,-1311.00,-8487.00,-8077.00,-1.01
8.267260313034058,17388.00,2440.00,11828.00,3722.00,-8066.00,-3679.00,-1.11
8.32858419418335,16288.00,2088.00,9024.00,3250.00,-8440.00,-5131.00,-1.18
8.386793613433838,14700.00,1616.00,7228.00,1004.00,-3689.00,-682.00,-1.03
8.448167562484741,15672.00,2664.00,5936.00,-4566.00,2341.00,-2165.00,-1.06
8.504339456558228,16476.00,2724.00,7652.00,3228.00,1658.00,213.00,-0.90
8.56244683265686,16532.00,2476.00,7460.00,-1315.00,240.00,-648.00,-0.95
8.619011640548706,15600.00,3048.00,6512.00,-920.00,-33.00,290.00,-1.25
8.67691946029663,15916.00,3976.00,6864.00,376.00,-2566.00,-3515.00,-1.25
8.738696098327637,15976.00,3776.00,5388.00,488.00,-4083.00,-6713.00,-1.23
8.799488067626953,16700.00,6356.00,7532.00,-1365.00,-1924.00,-3868.00,-0.95
8.85784387588501,15032.00,5984.00,8092.00,-2603.00,-6065.00,594.00,-1.00
8.918722152709961,17880.00,7536.00,6012.00,-2804.00,-2665.00,864.00,-1.27
8.979980230331421,16012.00,7028.00,7916.00,-4803.00,-10412.00,5092.00,-1.09
9.037724018096924,15588.00,5760.00,-576.00,5505.00,-20264.00,4032.00,-1.28
9.098799228668213,15688.00,3312.00,2944.00,5338.00,-13775.00,6763.00,-1.28
9.159628629684448,15456.00,1820.00,-4036.00,7054.00,-16890.00,10292.00,-1.15
9.221668004989624,16380.00,68.00,-5776.00,12100.00,-13586.00,7434.00,-0.97
9.283278703689575,15400.00,-916.00,-5940.00,9402.00,-10425.00,4424.00,-1.10
9.348796129226685,15304.00,-1168.00,-7892.00,10796.00,-12089.00,3071.00,-0.99
9.41016411781311,14308.00,-1928.00,-7252.00,11102.00,-11892.00,4793.00,-1.00
9.471612930297852,12052.00,-4456.00,-9280.00,9433.00,-10435.00,2914.00,-1.13
9.536989450454712,13328.00,-3852.00,-10832.00,6544.00,-6647.00,-1122.00,-1.13
9.597954988479614,12524.00,-4660.00,-10376.00,2662.00,-3923.00,-1820.00,-1.07
9.660037755966187,12364.00,-4608.00,-10652.00,-1033.00,-1669.00,438.00,-1.28
9.724940061569214,11776.00,-4716.00,-9776.00,-2937.00,-1432.00,-301.00,-1.13
9.787417650222778,12292.00,-3372.00,-9396.00,-2909.00,-4393.00,2171.00,-0.87
9.84847092628479,10688.00,-3876.00,-11608.00,-5026.00,-3445.00,2351.00,-1.06
9.913989782333374,9656.00,-4832.00,-11936.00,-4313.00,-2813.00,1917.00,-0.87
9.975389003753662,11604.00,-4520.00,-11452.00,-3559.00,-2400.00,1872.00,-1.04
10.036980628967285,11276.00,-2692.00,-15392.00,-7674.00,1552.00,-428.00,-0.81
10.102270603179932,10996.00,-3616.00,-12016.00,-5020.00,3117.00,1395.00,-0.97
10.163717269897461,11276.00,-2964.00,-14100.00,-5049.00,4988.00,2431.00,-0.86
10.224771738052368,10732.00,-2708.00,-11772.00,-2843.00,4045.00,161.00,-0.53
10.28670072555542,11680.00,-2988.00,-12292.00,-3279.00,6903.00,-601.00,-0.81
10.343688011169434,12704.00,-2164.00,-10320.00,-578.00,2951.00,40.00,-0.92
10.405058860778809,12988.00,-1724.00,-9832.00,-2046.00,3939.00,-907.00,-0.85
10.466825246810913,12644.00,-2220.00,-10312.00,-2308.00,3005.00,377.00,-1.04
10.528609991073608,13324.00,-1492.00,-9632.00,-1587.00,3531.00,-829.00,-0.94
10.58579397201538,14104.00,-1516.00,-9628.00,-1840.00,2298.00,6.00,-0.88
10.647042274475098,14260.00,-1348.00,-9024.00,-1008.00,1696.00,-269.00,-0.88
10.708550453186035,14008.00,-1484.00,-8984.00,-1207.00,1421.00,320.00,-0.72
10.765927076339722,13976.00,-1484.00,-8676.00,-814.00,877.00,21.00,-1.04
10.826669692993164,14016.00,-1728.00,-8648.00,-1024.00,874.00,-136.00,-0.95
10.884585618972778,14244.00,-1420.00,-8912.00,-894.00,151.00,-29.00,-0.67
10.945940256118774,14164.00,-1316.00,-8804.00,-1026.00,82.00,-286.00,-0.86
11.00333833694458,14244.00,-1360.00,-9100.00,-833.00,376.00,-438.00,-0.98
11.060986280441284,14764.00,-992.00,-9048.00,-1003.00,317.00,-148.00,-0.98
11.122251510620117,14616.00,-892.00,-8740.00,-738.00,499.00,-143.00,-1.06
11.17943263053894,14536.00,-1060.00,-8572.00,-1111.00,586.00,93.00,-0.63
11.236666202545166,14376.00,-1180.00,-8820.00,-1106.00,602.00,-22.00,-0.79
11.294163703918457,14252.00,-1340.00,-8612.00,-988.00,425.00,89.00,-0.92
11.35519814491272,14168.00,-1460.00,-8608.00,-1085.00,324.00,-291.00,-0.92
11.41672682762146,14228.00,-1288.00,-8644.00,-1016.00,328.00,-391.00,-0.77
11.474549293518066,14408.00,-1236.00,-8752.00,-1017.00,523.00,-644.00,-0.92
11.535629987716675,14860.00,-648.00,-8328.00,-1355.00,1140.00,-885.00,-0.70
11.59737515449524,14340.00,-860.00,-8356.00,-1535.00,529.00,-397.00,-0.71
11.654749631881714,14220.00,-1264.00,-8828.00,-1375.00,731.00,-983.00,-0.90
11.715284824371338,14696.00,-548.00,-7752.00,-2282.00,1479.00,-1541.00,-1.24
11.777274131774902,15324.00,-524.00,-9156.00,-2511.00,2197.00,-2662.00,-0.96
11.839200258255005,16348.00,1888.00,-8004.00,758.00,3209.00,-8103.00,-0.94
11.895939350128174,15948.00,592.00,-8380.00,-3033.00,2135.00,-3016.00,-0.90
11.958128213882446,16100.00,1684.00,-7328.00,-943.00,4458.00,-1553.00,-0.90
12.019200325012207,16020.00,2756.00,-6276.00,-3275.00,7848.00,-430.00,-0.90
12.076807260513306,14092.00,116.00,-4264.00,-3271.00,1532.00,2142.00,-0.99
12.138239860534668,14388.00,-1032.00,-7704.00,-5078.00,-195.00,2473.00,-0.95
12.198970079421997,14796.00,2492.00,-3920.00,-2635.00,3711.00,-4744.00,-1.03
12.260915040969849,15688.00,2100.00,-4312.00,-4213.00,-486.00,263.00,-0.97
12.318267107009888,15888.00,3052.00,-4016.00,-5546.00,118.00,-634.00,-1.06
12.379631042480469,17328.00,3312.00,-5660.00,-4307.00,1020.00,289.00,-0.94
12.436799764633179,17276.00,3080.00,-3336.00,-4486.00,3766.00,-460.00,-1.14
12.497188806533813,18228.00,3888.00,-2732.00,-2788.00,2243.00,-707.00,-0.97
12.559988260269165,17880.00,4536.00,-2724.00,-1200.00,3321.00,-1863.00,-1.19
12.616692781448364,16344.00,3984.00,-1772.00,2672.00,598.00,457.00,-1.22
12.674437999725342,15484.00,3248.00,-2304.00,2618.00,-4927.00,174.00,-1.08
12.735448837280273,16440.00,2884.00,-2988.00,772.00,2561.00,-520.00,-1.31
12.793350458145142,17160.00,3152.00,-2132.00,1305.00,736.00,-1492.00,-1.23
12.854507446289062,17328.00,3552.00,-2960.00,1578.00,456.00,-2263.00,-1.17
12.912312984466553,17452.00,4568.00,-2144.00,1908.00,1419.00,-3314.00,-1.06
12.973352432250977,17376.00,3152.00,-2336.00,2488.00,140.00,-1756.00,-0.99
13.031258821487427,17324.00,2080.00,-1156.00,2369.00,-1220.00,-304.00,-0.98
13.092684268951416,18068.00,2048.00,-1784.00,3141.00,-2465.00,118.00,-0.98
13.154001951217651,17376.00,1560.00,-1624.00,1028.00,2368.00,-2105.00,-0.98
13.211530208587646,18008.00,2752.00,-2192.00,1047.00,4847.00,-3493.00,-0.97
13.272369146347046,17344.00,3080.00,-852.00,330.00,4792.00,-3651.00,-1.08
13.330276012420654,19848.00,5784.00,-2256.00,2351.00,4759.00,-3915.00,-1.03
13.390742540359497,21056.00,8420.00,-1832.00,2416.00,7100.00,-2694.00,-1.25
13.447977542877197,19068.00,8336.00,-2332.00,970.00,6431.00,83.00,-1.18
13.505234241485596,19136.00,8800.00,-1312.00,-1487.00,5533.00,1821.00,-1.18
13.568510055541992,18292.00,7772.00,-588.00,-2754.00,2757.00,1087.00,-1.15
13.628873586654663,17532.00,4824.00,-2220.00,-2990.00,1903.00,1711.00,-0.73
13.685300350189209,18768.00,6464.00,-932.00,-4284.00,514.00,783.00,-0.79
13.743505477905273,17864.00,7156.00,-600.00,-3801.00,1225.00,-676.00,-1.00
13.805282831192017,17544.00,5660.00,-1220.00,-5166.00,-1226.00,724.00,-0.96
13.86662483215332,17424.00,5728.00,-212.00,-3934.00,-1062.00,-1264.00,-0.89
13.924238443374634,16816.00,6080.00,-20.00,-5414.00,-117.00,-1488.00,-0.48
13.981023788452148,16568.00,5496.00,112.00,-7359.00,836.00,-1410.00,-0.68
14.042850494384766,15824.00,5580.00,628.00,-7697.00,1638.00,-755.00,-0.93
14.103958129882812,15208.00,7200.00,3096.00,-10790.00,3693.00,-2351.00,-0.93
14.161527395248413,14116.00,4372.00,284.00,-6479.00,-1011.00,3790.00,-0.73
14.222954034805298,13924.00,5060.00,4688.00,-11117.00,3554.00,-2713.00,-0.50
14.280153751373291,13036.00,3604.00,3860.00,-5639.00,-681.00,770.00,-0.32
14.341723203659058,14224.00,4788.00,4804.00,-6175.00,-2148.00,-2402.00,-0.42
14.402936935424805,13840.00,3568.00,4060.00,-6670.00,2102.00,-2418.00,-0.31
14.463750839233398,15560.00,5776.00,5448.00,-4790.00,-1035.00,-177.00,-0.33
14.521372318267822,14400.00,4820.00,5276.00,-3232.00,1150.00,-1211.00,-0.28
14.578238248825073,15052.00,4880.00,4932.00,-4154.00,518.00,74.00,-0.11
14.635382175445557,15996.00,6368.00,6372.00,-4009.00,876.00,-216.00,-0.07
14.693825960159302,16920.00,7040.00,4992.00,-4370.00,911.00,716.00,-0.04
14.751218557357788,17188.00,5660.00,6788.00,-5007.00,397.00,-768.00,-0.11
14.812361717224121,16756.00,5240.00,4988.00,-4733.00,1341.00,881.00,-0.11
14.869378805160522,16572.00,3432.00,5268.00,-2870.00,2113.00,838.00,-0.26
14.927506446838379,16820.00,5068.00,7052.00,-3795.00,2924.00,-1313.00,-0.07
14.98871397972107,15024.00,3852.00,6156.00,-3807.00,1430.00,-1722.00,-0.29
15.04547905921936,15372.00,5484.00,5380.00,-5306.00,66.00,818.00,-0.12
15.103240966796875,13956.00,4488.00,8104.00,-1265.00,-1047.00,502.00,-0.18
15.16435980796814,13852.00,1596.00,5748.00,-2810.00,-1767.00,1170.00,-0.03
15.22624659538269,14196.00,2984.00,7452.00,-6436.00,-1895.00,-4912.00,-0.05
15.288218021392822,13688.00,3736.00,6936.00,-8243.00,-1167.00,-8769.00,-0.02
15.348823308944702,15228.00,7316.00,5176.00,-10835.00,-3217.00,-4983.00,-0.02
15.410327672958374,15528.00,7264.00,5300.00,-2357.00,-1371.00,-3935.00,-0.46
15.471986055374146,15836.00,5552.00,7572.00,-3509.00,-832.00,-1156.00,-0.05
15.533035278320312,14256.00,4432.00,7884.00,-4302.00,-1693.00,-313.00,-0.19
15.590125560760498,13636.00,4244.00,8172.00,-3871.00,-1336.00,-102.00,-0.10
15.652193069458008,15212.00,4288.00,5628.00,-7266.00,-2970.00,1828.00,0.32
15.709911108016968,14756.00,4160.00,7808.00,-5627.00,-145.00,-1366.00,0.10
15.77122712135315,17096.00,4012.00,5708.00,-8177.00,-1042.00,-1270.00,-0.14
15.828327178955078,15416.00,2768.00,8328.00,-2450.00,340.00,-724.00,0.07
15.885590553283691,14524.00,3620.00,7980.00,-2559.00,596.00,-3239.00,0.11
15.9466712474823,14116.00,3564.00,8884.00,-2164.00,883.00,-4913.00,0.03
16.004779815673828,14700.00,6548.00,7448.00,-4723.00,170.00,-2741.00,0.00
16.0610773563385,13992.00,4920.00,9924.00,2125.00,-555.00,-712.00,-0.12
16.11930012702942,15644.00,7136.00,7316.00,-2513.00,-682.00,-16.00,0.04
16.176883459091187,15316.00,6504.00,7572.00,-748.00,-1174.00,1202.00,0.04
16.233636140823364,14980.00,4436.00,7520.00,-1659.00,182.00,2080.00,0.07
16.290589809417725,16496.00,4628.00,7900.00,-626.00,-188.00,356.00,0.12
16.348204135894775,15664.00,5884.00,6900.00,-2757.00,94.00,-156.00,0.09
16.405322790145874,14976.00,4676.00,5864.00,-2098.00,1142.00,1909.00,-0.06
16.462738513946533,14216.00,4508.00,8632.00,-758.00,665.00,1519.00,0.34
16.51682448387146,16032.00,4180.00,8372.00,-977.00,414.00,2147.00,0.26
16.57719612121582,15468.00,2620.00,11640.00,-1029.00,-211.00,430.00,0.04
16.635011196136475,15272.00,4396.00,7844.00,-2268.00,-608.00,-964.00,0.04
16.692577362060547,15040.00,3980.00,6680.00,-1737.00,587.00,-859.00,0.17
16.75008201599121,14996.00,4064.00,9200.00,-1090.00,-496.00,-396.00,0.10
16.806990385055542,14784.00,4348.00,8732.00,-1523.00,-60.00,-520.00,-0.18
16.864625930786133,16368.00,4808.00,7860.00,-1841.00,250.00,631.00,-0.05
16.92266297340393,15488.00,4564.00,9088.00,-570.00,-436.00,-355.00,-0.05
16.98426628112793,15160.00,4300.00,6180.00,-2286.00,178.00,-424.00,-0.05
17.037014722824097,14644.00,2804.00,8184.00,-853.00,907.00,-709.00,-0.10
17.098366498947144,14528.00,4276.00,9752.00,-2999.00,-186.00,-922.00,-0.23
17.15494656562805,15464.00,4768.00,8024.00,-2938.00,-525.00,861.00,-0.23
17.212923765182495,15040.00,2464.00,8756.00,-313.00,256.00,381.00,-0.27
17.269675970077515,15544.00,4732.00,8948.00,-2642.00,14.00,-700.00,-0.07
17.328057527542114,14812.00,4624.00,7688.00,-1657.00,-547.00,-732.00,0.03
17.38484287261963,15312.00,4344.00,7884.00,-1295.00,-414.00,13.00,0.08
17.43803095817566,15180.00,3432.00,8552.00,-700.00,269.00,16.00,0.13
17.49526858329773,15352.00,4904.00,8336.00,-2659.00,181.00,-202.00,-0.13
17.55260157585144,14832.00,4168.00,9308.00,-988.00,558.00,53.00,-0.02
17.605276823043823,14748.00,4220.00,9152.00,-1126.00,-284.00,35.00,0.07
17.66319489479065,14976.00,4816.00,8200.00,-1576.00,-96.00,383.00,0.07
17.720428228378296,14984.00,4656.00,9288.00,-764.00,516.00,-778.00,0.10
17.77713108062744,14388.00,5056.00,8448.00,-2915.00,-763.00,337.00,0.32
17.8352108001709,15208.00,3156.00,6828.00,-2372.00,-364.00,761.00,0.17
17.892260551452637,14856.00,2472.00,11032.00,-496.00,774.00,-368.00,0.10
17.950111865997314,15264.00,5032.00,9652.00,-2207.00,-478.00,-626.00,-0.04
18.007527351379395,14920.00,4628.00,8016.00,-2160.00,-902.00,566.00,-0.02
18.060185432434082,15144.00,3388.00,8620.00,57.00,550.00,15.00,-0.02
18.117260694503784,14992.00,5424.00,8940.00,-3012.00,-954.00,89.00,0.24
18.175102949142456,15064.00,3256.00,9048.00,-211.00,-253.00,1633.00,0.17
18.228235006332397,15176.00,3976.00,8580.00,-2798.00,-139.00,19.00,0.08
18.285529613494873,15336.00,3088.00,7656.00,-461.00,-284.00,908.00,0.28
18.343430280685425,15416.00,2912.00,8996.00,-753.00,194.00,135.00,0.47
18.4009108543396,15184.00,3476.00,9148.00,-1993.00,-162.00,-168.00,0.45
18.457100868225098,15152.00,3784.00,7924.00,-386.00,908.00,-333.00,0.18
18.51115393638611,15180.00,3892.00,9248.00,-1094.00,4.00,270.00,0.12
18.568182706832886,14984.00,2788.00,8116.00,-930.00,-294.00,1125.00,0.07
18.625703811645508,15480.00,3332.00,10132.00,-1031.00,104.00,-338.00,0.15
18.68248462677002,15544.00,3724.00,8788.00,-989.00,-170.00,285.00,0.06
18.740512371063232,15492.00,4296.00,8532.00,-1871.00,-374.00,397.00,-0.07
18.797754526138306,15004.00,2980.00,7660.00,-613.00,188.00,1197.00,-0.02
18.85131049156189,15444.00,3248.00,8872.00,-909.00,265.00,61.00,-0.15
18.908900260925293,15312.00,3580.00,9152.00,-699.00,724.00,-554.00,-0.15
18.96523690223694,15244.00,3604.00,8928.00,-1216.00,-127.00,1.00,0.13
19.018425464630127,15020.00,3916.00,9196.00,-544.00,243.00,455.00,0.11
19.075797080993652,14932.00,2748.00,8536.00,-542.00,379.00,913.00,0.18
19.129727602005005,14668.00,3316.00,9252.00,-982.00,40.00,286.00,0.24
19.18288254737854,15120.00,3392.00,9428.00,-596.00,81.00,193.00,0.22
19.23961901664734,15648.00,3416.00,9272.00,-1326.00,-58.00,127.00,0.01
19.293616771697998,15844.00,3356.00,8980.00,-685.00,-333.00,575.00,0.01
19.350446224212646,15444.00,2796.00,8736.00,-1423.00,-97.00,129.00,-0.02
19.40826177597046,15136.00,2728.00,8776.00,-1813.00,-69.00,-596.00,0.18
19.465263605117798,15244.00,3540.00,8688.00,-1863.00,452.00,26.00,0.30
19.51806879043579,15320.00,2508.00,8944.00,-779.00,88.00,586.00,0.18
19.575801610946655,15376.00,3132.00,9288.00,-1019.00,-131.00,-361.00,0.13
19.63322162628174,15224.00,3840.00,8132.00,-1184.00,579.00,-433.00,0.16
19.68687415122986,14800.00,2396.00,8728.00,-594.00,345.00,142.00,0.18
19.739524126052856,14268.00,2176.00,8700.00,56.00,-90.00,404.00,0.21
19.793590307235718,14784.00,3996.00,9088.00,635.00,872.00,34.00,0.16
19.8503475189209,14912.00,4040.00,10852.00,3.00,-451.00,1271.00,0.13
19.907598972320557,15944.00,3996.00,9384.00,-70.00,-1389.00,1952.00,-0.02
19.965079307556152,14476.00,2560.00,8544.00,254.00,-2540.00,5072.00,-0.12
20.022098779678345,14240.00,2072.00,7568.00,830.00,-4700.00,6664.00,0.10
20.079724550247192,13976.00,400.00,7412.00,1261.00,-2187.00,6872.00,0.21
20.13717222213745,14548.00,1588.00,8272.00,-226.00,-2529.00,6300.00,0.21
20.198877811431885,14076.00,-1104.00,4884.00,3002.00,-2725.00,8723.00,-0.12
20.251932859420776,12424.00,-892.00,9036.00,2890.00,71.00,6302.00,0.01
20.31352400779724,13996.00,-2800.00,5776.00,2703.00,-2472.00,4674.00,0.01
20.370203018188477,14604.00,1296.00,8552.00,5787.00,-4362.00,3164.00,0.07
20.427963733673096,14820.00,788.00,3744.00,2180.00,117.00,2758.00,0.16
20.48532772064209,17504.00,2176.00,4820.00,4310.00,-1883.00,4639.00,-0.22
20.542630434036255,15768.00,-688.00,6364.00,7295.00,-3567.00,6181.00,-0.22
20.604089736938477,15348.00,-2980.00,7296.00,3581.00,-2570.00,6015.00,-0.30
20.665343284606934,17192.00,-3540.00,6516.00,2534.00,-5863.00,4080.00,-0.15
20.726890325546265,16328.00,-4708.00,3880.00,2547.00,-7345.00,2664.00,-0.50
20.78407311439514,17012.00,-4424.00,536.00,3435.00,-5794.00,1451.00,-0.11
20.845763683319092,16736.00,-5132.00,-836.00,-1935.00,-97.00,-1620.00,-0.77
20.903090000152588,16960.00,-3492.00,1556.00,3198.00,-1448.00,638.00,-0.17
20.959902048110962,17932.00,-1876.00,636.00,4324.00,-614.00,952.00,-0.26
21.021236896514893,19280.00,-812.00,2252.00,3144.00,-3009.00,1560.00,-0.03
21.079099416732788,15348.00,-7936.00,6336.00,54.00,-3538.00,3548.00,-0.03
21.137083053588867,20956.00,120.00,3784.00,6264.00,518.00,-1709.00,-0.54
21.19820785522461,17608.00,-3208.00,2688.00,4852.00,-2364.00,1507.00,-0.47
21.255515336990356,17500.00,-4120.00,672.00,4289.00,-1932.00,1642.00,-0.61
21.316789865493774,15324.00,-5164.00,4232.00,5657.00,-6589.00,3156.00,-0.81
21.37320637702942,15360.00,-3244.00,3148.00,6542.00,-4668.00,65.00,-0.41
21.43590021133423,16200.00,-2500.00,2676.00,4525.00,-5707.00,-1955.00,-0.90
21.497130155563354,16880.00,-5476.00,-2616.00,-497.00,-4656.00,244.00,-0.76
21.55824112892151,19920.00,-1792.00,-1136.00,4636.00,-2661.00,-3583.00,-0.81
21.61919903755188,18188.00,-4612.00,1860.00,3413.00,-6407.00,2923.00,-0.78
21.681190729141235,20808.00,-2348.00,-1544.00,-4782.00,-6799.00,4201.00,-0.86
21.7430419921875,18460.00,-3660.00,-3044.00,-3145.00,-4034.00,4720.00,-1.12
21.804362297058105,17160.00,-4688.00,-2316.00,-4105.00,-2371.00,4083.00,-1.14
21.864954710006714,17244.00,-5652.00,-4788.00,-6021.00,-210.00,2001.00,-0.89
21.92672824859619,19128.00,-4452.00,-1980.00,-2616.00,62.00,-3141.00,-1.14
21.988496780395508,18732.00,-4524.00,-3012.00,-4102.00,-752.00,-2421.00,-0.90
22.049586296081543,17480.00,-4064.00,-4912.00,-4789.00,1424.00,-2281.00,-1.05
22.111533403396606,17092.00,-3676.00,-3352.00,-600.00,403.00,-2478.00,-1.07
22.17282009124756,16936.00,-3144.00,-2916.00,-1446.00,2090.00,-79.00,-1.15
22.23405361175537,16104.00,-3952.00,-2812.00,-1820.00,953.00,1208.00,-1.14
22.291332006454468,16724.00,-3940.00,-2444.00,-1475.00,534.00,-845.00,-0.95
22.357202291488647,17376.00,-2708.00,-2344.00,-2270.00,-1731.00,-2764.00,-1.15
22.414642095565796,17372.00,-2380.00,-4288.00,-952.00,458.00,451.00,-0.65
22.471840858459473,15924.00,-3316.00,-3148.00,-197.00,84.00,1675.00,-0.87
22.52914071083069,15776.00,-3776.00,-3112.00,-97.00,933.00,438.00,-0.92
22.589600801467896,16588.00,-4044.00,-2560.00,-723.00,324.00,-194.00,-0.94
22.65203309059143,17148.00,-3824.00,-2392.00,-968.00,-1088.00,-859.00,-1.01
22.705424547195435,17764.00,-2948.00,-3896.00,-9.00,243.00,-809.00,-1.01
22.76248860359192,16672.00,-2780.00,-3184.00,836.00,59.00,-40.00,-1.15
22.819958209991455,16120.00,-3252.00,-2152.00,1019.00,68.00,-36.00,-0.98
22.877338647842407,16688.00,-3028.00,-2212.00,21.00,494.00,-1878.00,-1.08
22.938957691192627,17132.00,-2464.00,-2144.00,-571.00,-123.00,-454.00,-1.01
22.99684762954712,17192.00,-2504.00,-2384.00,-128.00,-17.00,119.00,-0.87
23.05787181854248,17264.00,-2796.00,-2884.00,-851.00,-311.00,298.00,-0.81
23.114396810531616,17288.00,-2636.00,-2600.00,-205.00,57.00,-95.00,-1.01
23.17168951034546,17360.00,-2364.00,-3348.00,-902.00,232.00,408.00,-1.15
23.229289770126343,16916.00,-2420.00,-2668.00,214.00,390.00,548.00,-0.93
23.2909939289093,16892.00,-3344.00,-1868.00,268.00,-1707.00,1204.00,-0.93
23.34779143333435,16540.00,-3656.00,-2532.00,394.00,-1417.00,612.00,-1.06
23.40979552268982,17312.00,-3120.00,-3148.00,-904.00,-1884.00,-462.00,-1.10
23.4669771194458,17368.00,-2944.00,-3736.00,9.00,-538.00,-542.00,-0.99
23.52413320541382,16904.00,-3224.00,-4060.00,-699.00,499.00,-286.00,-1.05
23.585736751556396,17064.00,-2304.00,-3192.00,-127.00,990.00,-1389.00,-0.92
23.647273778915405,18496.00,-1988.00,-2052.00,-1239.00,926.00,-461.00,-1.12
23.70481777191162,18304.00,-3716.00,-3552.00,-48.00,-420.00,-58.00,-1.13
23.76516580581665,19348.00,-2624.00,-2580.00,692.00,2525.00,-2847.00,-1.04
23.82706880569458,18964.00,-2576.00,-2308.00,-615.00,2352.00,-2168.00,-0.96
23.88440251350403,18764.00,-1992.00,-2064.00,42.00,3719.00,-4868.00,-0.96
23.946303367614746,19924.00,-940.00,-992.00,-644.00,3780.00,-5023.00,-0.87
24.00786328315735,20208.00,-808.00,-1968.00,-1070.00,4882.00,-3260.00,-0.80
24.061368227005005,19048.00,32.00,-64.00,1884.00,3262.00,-3575.00,-0.65
24.12239956855774,18372.00,1288.00,1512.00,-904.00,4699.00,-4044.00,-0.87
24.179835081100464,17844.00,1188.00,2004.00,-3166.00,2511.00,-2583.00,-0.52
24.241326570510864,17184.00,620.00,616.00,-5015.00,3879.00,-3464.00,-0.60
24.29811406135559,17112.00,872.00,1552.00,-5481.00,1212.00,-3059.00,-0.55
24.35982346534729,16872.00,1756.00,1104.00,-6585.00,2958.00,-5018.00,-0.38
24.42087173461914,17776.00,3776.00,1844.00,-7290.00,3881.00,-4873.00,-0.43
24.478679180145264,17172.00,3564.00,1820.00,-7143.00,445.00,-1412.00,-0.01
24.540056467056274,17380.00,3928.00,1740.00,-8344.00,4794.00,-3942.00,-0.01
24.601794481277466,17500.00,1992.00,-844.00,-14488.00,2157.00,-2054.00,-0.11
24.65890336036682,16100.00,2468.00,4376.00,-5540.00,2843.00,-5789.00,-0.24
24.720353841781616,15428.00,3532.00,5748.00,-7180.00,1238.00,-4235.00,-0.33
24.780994415283203,16356.00,5892.00,5724.00,-8626.00,932.00,-3371.00,-0.30
24.839187622070312,14360.00,3548.00,6640.00,-8040.00,4187.00,-2795.00,-0.31
24.896711587905884,14928.00,4828.00,6592.00,-8581.00,542.00,1086.00,0.04
24.95819640159607,14072.00,4304.00,6944.00,-6067.00,1374.00,-997.00,-0.13
25.011258602142334,15120.00,3348.00,5384.00,-7481.00,132.00,649.00,0.01
25.073198318481445,15332.00,4048.00,8020.00,-5008.00,-1760.00,-834.00,0.03
25.130252599716187,14896.00,2024.00,4896.00,-5429.00,1062.00,-142.00,-0.08
25.191169261932373,14920.00,2856.00,7804.00,-1485.00,-644.00,-1048.00,0.13
25.248281002044678,14444.00,2552.00,7284.00,-2886.00,534.00,-2339.00,0.13
25.305439949035645,14788.00,2408.00,7280.00,-3246.00,-2634.00,553.00,-0.14
25.36299467086792,15248.00,3496.00,7032.00,-3655.00,82.00,621.00,-0.07
25.42448592185974,16024.00,2864.00,7672.00,-3297.00,-754.00,2212.00,-0.26
25.48131513595581,14848.00,1904.00,8504.00,-931.00,-421.00,1567.00,-0.29
25.53956365585327,14712.00,548.00,7152.00,-1300.00,-2219.00,1217.00,-0.20
25.600954294204712,14576.00,1496.00,6912.00,-661.00,-979.00,-2324.00,-0.31
25.662142276763916,15392.00,2432.00,6744.00,-2386.00,-1142.00,-1753.00,-0.01
25.719793558120728,15516.00,2928.00,6740.00,-2588.00,65.00,-1712.00,-0.25
25.777079582214355,15832.00,3948.00,7908.00,-2263.00,371.00,-1295.00,-0.25
25.835090160369873,16156.00,3496.00,7408.00,-3286.00,-621.00,96.00,0.07
25.895178079605103,16336.00,2096.00,6148.00,-1700.00,-1029.00,997.00,-0.05
25.953042030334473,15692.00,1464.00,7560.00,-2747.00,646.00,-1228.00,-0.25
26.01087188720703,16184.00,2884.00,6560.00,-4578.00,-103.00,-879.00,-0.12
26.071439504623413,15768.00,2704.00,6596.00,-1372.00,598.00,-275.00,-0.25
26.12877321243286,15944.00,2524.00,7624.00,-1874.00,663.00,-1175.00,-0.16
26.19068217277527,16044.00,3836.00,9020.00,-1717.00,1067.00,-1450.00,0.06
26.248279094696045,15984.00,3192.00,8352.00,-2634.00,-320.00,239.00,0.07
26.30500626564026,15156.00,2508.00,8144.00,-2243.00,-369.00,-696.00,-0.10
26.363022089004517,16060.00,3392.00,7388.00,-1881.00,359.00,-691.00,-0.12
26.419877290725708,15740.00,3180.00,7856.00,-1800.00,263.00,421.00,-0.12
26.477322340011597,15672.00,3240.00,8456.00,-1290.00,-82.00,-233.00,-0.01
26.53528356552124,15624.00,3644.00,8028.00,-1504.00,532.00,-459.00,0.01
26.596230268478394,15392.00,3260.00,8352.00,-3166.00,-727.00,-200.00,-0.07
26.653603315353394,15352.00,3104.00,6756.00,-2844.00,-324.00,-382.00,0.06
26.710741996765137,15608.00,3604.00,7072.00,-2024.00,672.00,-560.00,0.03
26.768242359161377,15412.00,3556.00,7652.00,-3449.00,78.00,-222.00,-0.14
26.825645208358765,15860.00,3816.00,9256.00,-1505.00,-289.00,190.00,-0.04
26.882877588272095,15860.00,1652.00,8300.00,-2876.00,-527.00,590.00,-0.01
26.94406485557556,16364.00,2784.00,9468.00,-1718.00,-726.00,-1241.00,-0.01
27.00215768814087,15712.00,2252.00,7732.00,-2052.00,-459.00,296.00,0.09
27.05880331993103,15276.00,1892.00,7148.00,-2268.00,-442.00,192.00,-0.04
27.11662530899048,15120.00,2088.00,8028.00,-1332.00,685.00,-607.00,-0.05
27.17395281791687,14992.00,2484.00,8396.00,-669.00,195.00,260.00,0.08
27.230965614318848,15368.00,3048.00,8804.00,-1427.00,166.00,-269.00,0.29
27.287927627563477,14744.00,3476.00,8340.00,-1251.00,-138.00,127.00,0.24
27.345537900924683,15272.00,2996.00,7652.00,-1360.00,-496.00,1017.00,0.12
27.403369903564453,13820.00,2440.00,7996.00,-917.00,-705.00,721.00,0.02
27.4602210521698,15880.00,3152.00,6924.00,-1547.00,-488.00,822.00,0.02
27.513925790786743,15612.00,2260.00,9384.00,-782.00,213.00,724.00,0.26
27.571104526519775,17004.00,-276.00,10792.00,1620.00,2460.00,132.00,0.08
27.632413864135742,15096.00,2416.00,12624.00,-1289.00,-315.00,-2987.00,-0.08
27.689955711364746,16008.00,6172.00,4024.00,-4202.00,-648.00,-33.00,-0.29
27.746638536453247,14276.00,1216.00,5512.00,-17.00,-850.00,2926.00,-0.04
27.804572343826294,15492.00,1172.00,7904.00,339.00,492.00,1075.00,0.09
27.862250804901123,17240.00,1636.00,10608.00,2244.00,1077.00,167.00,-0.05
27.923053741455078,16056.00,3644.00,10412.00,-2060.00,-2215.00,-832.00,-0.05
27.980420112609863,15560.00,2716.00,3488.00,-3001.00,-1149.00,145.00,0.16
28.033933877944946,16120.00,2360.00,6104.00,554.00,195.00,299.00,0.04
28.091216325759888,16244.00,1848.00,8968.00,1935.00,752.00,-633.00,-0.21
28.148489475250244,16248.00,3724.00,9996.00,500.00,515.00,-585.00,-0.07
28.20514464378357,15196.00,3204.00,7584.00,-504.00,-317.00,1466.00,0.01
28.263125896453857,14848.00,2336.00,6348.00,-1425.00,-390.00,512.00,0.09
28.320556163787842,15760.00,2696.00,6960.00,-170.00,1623.00,-726.00,0.26
28.376601219177246,15616.00,3752.00,11116.00,221.00,991.00,-1571.00,0.08
28.43128728866577,15460.00,3908.00,9932.00,-944.00,-767.00,569.00,0.08
28.492554903030396,15424.00,3240.00,6540.00,-2179.00,-1183.00,1670.00,0.06
28.545392751693726,15872.00,1720.00,7392.00,370.00,618.00,1100.00,0.17
28.60351872444153,16056.00,2120.00,9424.00,-590.00,381.00,-355.00,-0.18
28.660470008850098,15664.00,3164.00,9028.00,-1148.00,-448.00,267.00,0.08
28.71800684928894,15320.00,2596.00,6824.00,-2491.00,-939.00,834.00,0.02
28.77453374862671,15520.00,2728.00,8516.00,-2123.00,-321.00,472.00,0.05
28.83264136314392,16208.00,2204.00,8080.00,-2644.00,586.00,344.00,0.03
28.88551688194275,15836.00,2876.00,9888.00,715.00,183.00,363.00,-0.05
28.94674253463745,15404.00,2048.00,7640.00,-1987.00,-641.00,1397.00,-0.10
29.00043559074402,15332.00,1480.00,5880.00,-444.00,188.00,720.00,-0.07
29.05775809288025,15744.00,1216.00,8996.00,379.00,928.00,257.00,-0.08
29.115171432495117,15932.00,2292.00,10780.00,-966.00,706.00,-1456.00,-0.15
29.176889657974243,15984.00,2840.00,9760.00,-3040.00,-1299.00,-733.00,0.01
29.23394250869751,15532.00,2560.00,6536.00,-3759.00,-926.00,-94.00,0.01
29.291606664657593,15584.00,2740.00,6524.00,-2240.00,-138.00,-365.00,0.01
29.344587087631226,15976.00,1580.00,8408.00,63.00,835.00,-619.00,-0.07
29.40645956993103,15720.00,2212.00,10592.00,-1470.00,562.00,-2285.00,-0.01
29.46674656867981,15596.00,3516.00,8300.00,-2672.00,-941.00,-1280.00,-0.23
29.524609565734863,15248.00,3696.00,5892.00,-1733.00,-576.00,858.00,-0.02
29.58219623565674,15860.00,3036.00,6756.00,576.00,1220.00,654.00,-0.08
29.63522505760193,15912.00,2432.00,10500.00,101.00,743.00,94.00,-0.07
29.693045616149902,15880.00,3132.00,9664.00,-602.00,-186.00,-711.00,0.03
29.75038242340088,15376.00,3412.00,7168.00,-2033.00,-641.00,109.00,-0.15
29.808135986328125,15568.00,3172.00,5872.00,-445.00,188.00,1379.00,-0.15
29.865115880966187,15584.00,1840.00,9000.00,474.00,953.00,1171.00,0.16
29.91810894012451,15856.00,2212.00,10748.00,-340.00,831.00,-92.00,0.02
29.9795024394989,15584.00,3284.00,10720.00,-1792.00,-866.00,-369.00,-0.47
30.04097008705139,15392.00,2736.00,6600.00,-1877.00,-1372.00,1183.00,-0.09
30.097979307174683,14800.00,1552.00,6648.00,-570.00,-564.00,1123.00,0.02
30.155635833740234,15848.00,1720.00,7912.00,-630.00,702.00,-407.00,-0.05
30.212923049926758,16044.00,1948.00,10352.00,-795.00,-404.00,-746.00,0.13
30.274529695510864,16072.00,3248.00,8784.00,-1485.00,-1180.00,-917.00,-0.03
30.331947088241577,15732.00,3088.00,6828.00,-1442.00,-1400.00,350.00,0.03
30.38891363143921,15516.00,2360.00,6044.00,-642.00,-577.00,684.00,-0.09
30.445133924484253,16200.00,2372.00,7336.00,-223.00,355.00,421.00,-0.02
30.499653100967407,16516.00,2168.00,9144.00,-837.00,568.00,-477.00,0.23
30.561245679855347,16800.00,3372.00,9288.00,-1132.00,-797.00,-159.00,-0.15
30.618448734283447,16104.00,2212.00,6784.00,-1433.00,-989.00,898.00,-0.04
30.675724267959595,15384.00,2008.00,6348.00,-797.00,-351.00,436.00,0.05
30.7291419506073,15360.00,2348.00,6580.00,-1081.00,460.00,9.00,-0.22
30.78542447090149,15860.00,2692.00,7548.00,-783.00,745.00,-143.00,-0.22
30.839842081069946,16112.00,2456.00,8940.00,44.00,528.00,263.00,-0.25
30.895614862442017,16680.00,3268.00,9244.00,-296.00,27.00,-98.00,-0.27
30.95005440711975,15820.00,3048.00,8100.00,31.00,-532.00,1853.00,-0.36
31.011568307876587,15264.00,1712.00,6288.00,-502.00,-724.00,1863.00,-0.26
31.06460666656494,15396.00,1372.00,6624.00,-113.00,658.00,422.00,-0.34
31.12195611000061,15848.00,1624.00,8332.00,-133.00,1330.00,-355.00,-0.14
31.1836416721344,16080.00,2440.00,10324.00,-349.00,421.00,-1157.00,-0.31
31.241321325302124,16176.00,3256.00,8504.00,-1603.00,-869.00,-61.00,-0.31
31.298058032989502,15760.00,2436.00,6140.00,-826.00,-665.00,956.00,0.08
31.351074695587158,15580.00,1692.00,7132.00,35.00,249.00,257.00,-0.03
31.404728174209595,15908.00,2252.00,8048.00,48.00,372.00,-23.00,-0.18
31.461445808410645,15988.00,2300.00,8340.00,-226.00,391.00,-249.00,-0.32
31.519769191741943,16044.00,2744.00,8560.00,-175.00,-155.00,-123.00,0.01
31.576573848724365,15944.00,3028.00,7520.00,-833.00,-480.00,-122.00,-0.31
31.633785486221313,15680.00,2788.00,7644.00,-495.00,-51.00,312.00,-0.09
31.691378593444824,16156.00,3008.00,7108.00,-935.00,-59.00,786.00,-0.09
31.74494457244873,15924.00,2180.00,7132.00,1598.00,736.00,1294.00,0.02
31.802242755889893,16248.00,3496.00,8520.00,599.00,778.00,-8.00,-0.14
31.855074644088745,15868.00,2596.00,8960.00,-5.00,232.00,1505.00,-0.22
31.913209199905396,15696.00,1852.00,7504.00,-1987.00,-313.00,183.00,-0.21
31.970306158065796,15788.00,2000.00,7776.00,-387.00,430.00,-231.00,-0.20
32.027379751205444,15932.00,2308.00,8496.00,-1672.00,-29.00,-403.00,-0.31
32.08444952964783,15688.00,2232.00,8160.00,-489.00,-269.00,-86.00,-0.31
32.14577317237854,15944.00,2248.00,7792.00,-1695.00,-254.00,-594.00,-0.31
32.203370332717896,15812.00,2412.00,7644.00,-553.00,-49.00,-368.00,-0.33
32.26097226142883,15796.00,2692.00,7680.00,-1344.00,126.00,-470.00,-0.22
32.31771492958069,15856.00,2748.00,8252.00,-468.00,42.00,-195.00,-0.06
32.37174105644226,15904.00,2912.00,7820.00,-163.00,-37.00,242.00,-0.15
32.428805351257324,16064.00,2908.00,7584.00,-623.00,16.00,402.00,-0.17
32.48556685447693,15808.00,2572.00,7624.00,-284.00,519.00,281.00,-0.02
32.5388081073761,15752.00,2960.00,8304.00,-483.00,291.00,118.00,-0.02
32.59546661376953,15784.00,3176.00,7872.00,-403.00,-216.00,492.00,-0.25
32.65391659736633,15656.00,2988.00,7836.00,-301.00,-164.00,286.00,0.10
32.71136164665222,15940.00,3016.00,7848.00,-763.00,-308.00,552.00,0.06
32.768319606781006,16004.00,2936.00,7624.00,-541.00,-443.00,723.00,-0.16
32.82517671585083,15692.00,2332.00,7452.00,-600.00,-1022.00,1323.00,-0.25
32.883538484573364,15984.00,2548.00,7372.00,115.00,-504.00,1290.00,-0.03
32.94090723991394,15788.00,2316.00,7960.00,-650.00,-976.00,1631.00,-0.03
33.00233054161072,15948.00,2192.00,7120.00,-900.00,-1174.00,1570.00,-0.02
33.05946111679077,16036.00,2884.00,7260.00,-1105.00,-1596.00,1741.00,-0.01
33.11702060699463,15796.00,1836.00,7244.00,695.00,-898.00,2210.00,-0.41
33.178133487701416,15868.00,1712.00,7400.00,903.00,-1125.00,2211.00,-0.05
33.23542046546936,15708.00,1436.00,6484.00,2718.00,-1975.00,3500.00,-0.15
33.292967081069946,15560.00,232.00,6044.00,2717.00,-1418.00,3282.00,-0.08
33.35008215904236,15560.00,80.00,5608.00,5390.00,-1374.00,4111.00,-0.04
33.407955169677734,15072.00,-312.00,6408.00,7781.00,-137.00,2503.00,0.05
33.465298891067505,15292.00,1436.00,6116.00,5138.00,-343.00,1238.00,-0.26
33.52127504348755,15412.00,856.00,6076.00,6279.00,-789.00,1335.00,-0.24
33.579193353652954,16236.00,2256.00,6008.00,6587.00,-1257.00,2449.00,0.01
33.64153337478638,15128.00,620.00,4616.00,8447.00,-1766.00,3903.00,-0.01
33.698686599731445,15640.00,1888.00,5620.00,8824.00,-1473.00,2497.00,-0.16
33.7601318359375,15672.00,-852.00,5976.00,11480.00,-5438.00,3036.00,0.08
33.81707215309143,15200.00,1292.00,5080.00,11369.00,-4752.00,512.00,0.15
33.8746600151062,15276.00,784.00,2648.00,11564.00,-7403.00,2974.00,-0.48
33.93190050125122,14816.00,44.00,2408.00,13741.00,-6998.00,2486.00,-0.20
33.993260860443115,14428.00,608.00,1860.00,12693.00,-6188.00,2336.00,-0.36
34.05498266220093,15372.00,-1876.00,2448.00,10822.00,-8031.00,3125.00,-0.36
34.11239457130432,15684.00,-304.00,-652.00,8685.00,-9225.00,2579.00,-0.54
34.173736810684204,16676.00,384.00,-6316.00,8551.00,-6381.00,2526.00,-0.42
34.23525357246399,17052.00,-1776.00,-2688.00,10044.00,-3843.00,4240.00,-0.54
34.296109437942505,16816.00,-3480.00,-2084.00,6634.00,-1157.00,2809.00,-0.51
34.35796523094177,17616.00,-2548.00,-3476.00,7292.00,1450.00,-843.00,-0.57
34.41883134841919,18420.00,-1576.00,-6660.00,7416.00,-1726.00,-1849.00,-0.77
34.4804368019104,18656.00,-6448.00,-2732.00,7681.00,-5349.00,3908.00,-0.80
34.54240655899048,14568.00,-2684.00,-4888.00,9848.00,-1641.00,4426.00,-0.81
34.60316753387451,16244.00,-3996.00,-4716.00,3157.00,1312.00,-2694.00,-0.69
34.66036367416382,18412.00,-7256.00,-5656.00,6600.00,698.00,826.00,-0.89
34.72229480743408,16820.00,-5496.00,-448.00,17841.00,9063.00,-4762.00,-0.78
34.78387904167175,18972.00,-3952.00,232.00,6487.00,2536.00,-5713.00,-0.78
34.841970443725586,19552.00,-4756.00,-360.00,-475.00,-5808.00,1964.00,-0.73
34.9031343460083,17760.00,-6312.00,-2076.00,-155.00,2008.00,3623.00,-0.95
34.95962309837341,18704.00,-6040.00,-20.00,7697.00,5751.00,-3155.00,-1.01
35.02540636062622,14240.00,-5700.00,-2856.00,6318.00,10300.00,-5524.00,-0.87
35.086825132369995,17904.00,-3904.00,4096.00,6907.00,22876.00,-11025.00,-0.91
35.14777398109436,21948.00,-1444.00,7696.00,13220.00,7646.00,-11865.00,-1.18
35.209853410720825,18648.00,1016.00,6492.00,-4646.00,-6465.00,-1545.00,-1.15
35.270923137664795,16328.00,212.00,3528.00,-2488.00,-8643.00,2248.00,-1.06
35.33264923095703,17912.00,-1324.00,4668.00,-2733.00,-11318.00,3476.00,-1.07
35.39395809173584,16300.00,-1932.00,1520.00,-6468.00,-8164.00,-109.00,-1.25
35.45138716697693,16684.00,-1936.00,952.00,-1974.00,5550.00,-1056.00,-1.42
35.51274251937866,19360.00,-3180.00,6388.00,7204.00,-5005.00,2894.00,-1.12
35.57425260543823,17280.00,-344.00,3940.00,-3495.00,-8472.00,2307.00,-1.04
35.63576650619507,16984.00,-1684.00,-1456.00,2918.00,-7326.00,-1041.00,-1.03
35.693204402923584,17952.00,-784.00,-84.00,3679.00,-2746.00,6283.00,-1.03
35.75389623641968,17436.00,-1036.00,-1680.00,258.00,-8628.00,-187.00,-0.85
35.81589341163635,17620.00,-3304.00,-2728.00,479.00,-3478.00,-933.00,-0.73
35.877854347229004,17764.00,-3020.00,-2684.00,2363.00,-10819.00,2574.00,-1.20
35.93918776512146,16312.00,-3144.00,-3156.00,-1611.00,-3734.00,-4502.00,-1.13
36.00438141822815,16340.00,-1496.00,-6840.00,-1202.00,-605.00,-5437.00,-1.04
36.06159520149231,15720.00,-844.00,-5168.00,2167.00,3490.00,-448.00,-1.15
36.12250113487244,14920.00,-4024.00,-3752.00,7377.00,-9182.00,-5829.00,-1.31
36.18033766746521,19684.00,3332.00,-4608.00,35.00,5435.00,-351.00,-1.08
36.23820447921753,16528.00,-300.00,-5396.00,-828.00,2787.00,471.00,-1.10
36.29942584037781,18472.00,-620.00,-2268.00,-680.00,8418.00,274.00,-1.03
36.35544204711914,14568.00,-676.00,-4708.00,-797.00,3483.00,118.00,-1.01
36.41363263130188,16748.00,-1016.00,-2944.00,-973.00,578.00,220.00,-0.98
36.47149038314819,17152.00,1284.00,-4772.00,1363.00,8411.00,407.00,-0.94
36.53302788734436,16728.00,-1868.00,932.00,3563.00,9621.00,-1457.00,-0.94
36.58994817733765,17400.00,-656.00,-736.00,-1051.00,502.00,136.00,-1.09
36.64782166481018,17576.00,-1412.00,-688.00,-3001.00,2068.00,477.00,-1.16
36.70485186576843,8800.00,848.00,-5536.00,-2944.00,32767.00,-94.00,-1.14
36.76661419868469,12540.00,-1892.00,3616.00,2620.00,1828.00,-2014.00,-1.41
36.824126958847046,16928.00,152.00,2496.00,-879.00,391.00,-108.00,-1.34
36.87674355506897,17108.00,-456.00,2240.00,-896.00,100.00,97.00,-1.03
36.934136629104614,17304.00,-660.00,2396.00,-867.00,-24.00,199.00,-1.19
36.98792743682861,17336.00,-672.00,2240.00,-905.00,20.00,151.00,-1.04
37.04463481903076,17412.00,-680.00,2116.00,-877.00,0.00,121.00,-1.17
37.09751582145691,17496.00,-484.00,2232.00,-864.00,-11.00,112.00,-1.17
37.15532422065735,17524.00,-580.00,2292.00,-900.00,-17.00,165.00,-1.00
37.20825004577637,17492.00,-772.00,2184.00,-887.00,2.00,102.00,-1.29
37.262078523635864,17524.00,-608.00,2172.00,-856.00,0.00,105.00,-1.37
37.318689823150635,17436.00,-620.00,2176.00,-855.00,-15.00,122.00,-1.18
37.37259221076965,17400.00,-608.00,2236.00,-874.00,3.00,133.00,-1.01
37.430089712142944,17440.00,-688.00,2072.00,-896.00,-21.00,124.00,-0.87
37.48736071586609,17572.00,-620.00,2216.00,-893.00,-31.00,152.00,-0.87
37.5408034324646,17484.00,-484.00,2184.00,-872.00,-13.00,127.00,-1.06
37.596877336502075,17448.00,-624.00,2236.00,-872.00,-15.00,93.00,-0.98
37.654868364334106,17424.00,-640.00,2260.00,-876.00,-20.00,116.00,-1.03
37.70816731452942,17540.00,-592.00,2292.00,-890.00,10.00,106.00,-0.94
37.76047444343567,17600.00,-788.00,2284.00,-875.00,4.00,129.00,-0.90
37.818185806274414,17504.00,-668.00,2080.00,-855.00,-23.00,112.00,-0.90
37.87171268463135,17424.00,-640.00,2240.00,-891.00,16.00,85.00,-0.90
37.92504405975342,17548.00,-576.00,2224.00,-863.00,-7.00,97.00,-1.34
37.9823853969574,17444.00,-600.00,2148.00,-900.00,-8.00,114.00,-1.18
38.03523397445679,17432.00,-696.00,2248.00,-874.00,-25.00,112.00,-1.40
38.09261441230774,17532.00,-572.00,2200.00,-900.00,8.00,126.00,-0.74
38.14573431015015,17480.00,-604.00,2196.00,-853.00,-33.00,109.00,-0.99
38.203577518463135,17464.00,-616.00,2196.00,-878.00,30.00,115.00,-1.31
38.256834506988525,17512.00,-676.00,2232.00,-903.00,2.00,81.00,-1.31
38.310540199279785,17472.00,-580.00,2196.00,-883.00,-30.00,99.00,-1.23
38.36311960220337,17436.00,-664.00,2180.00,-892.00,5.00,119.00,-1.19
38.41647958755493,17484.00,-564.00,2236.00,-878.00,24.00,99.00,-1.06
38.47382640838623,17504.00,-588.00,2240.00,-935.00,9.00,121.00,-0.84
38.527220487594604,17484.00,-676.00,2212.00,-873.00,-14.00,142.00,-1.05
38.583974838256836,17556.00,-572.00,2184.00,-892.00,-5.00,122.00,-0.94
38.63797068595886,17372.00,-644.00,2076.00,-918.00,16.00,108.00,-0.94
38.6951367855072,17524.00,-656.00,2324.00,-893.00,24.00,118.00,-0.92
38.7490873336792,17548.00,-572.00,2192.00,-906.00,13.00,105.00,-0.87
38.80598592758179,17448.00,-616.00,2220.00,-893.00,12.00,119.00,-1.13
38.85888648033142,17532.00,-720.00,2280.00,-917.00,24.00,116.00,-0.90
38.91690421104431,17472.00,-740.00,2236.00,-889.00,18.00,127.00,-0.85
38.96976017951965,17496.00,-508.00,2244.00,-891.00,1.00,121.00,-0.90
39.0230598449707,17416.00,-640.00,2308.00,-909.00,20.00,120.00,-0.90
39.0765118598938,17484.00,-716.00,2312.00,-890.00,4.00,110.00,-0.89
39.13380718231201,17436.00,-652.00,2300.00,-855.00,-17.00,97.00,-0.90
39.1869912147522,17540.00,-684.00,2232.00,-863.00,-17.00,94.00,-0.94
39.240363121032715,17516.00,-572.00,2272.00,-893.00,8.00,129.00,-0.86
39.29787731170654,17456.00,-628.00,2200.00,-911.00,-45.00,83.00,-1.16
39.35106158256531,17552.00,-608.00,2364.00,-893.00,9.00,90.00,-1.05
39.40426182746887,17460.00,-640.00,2136.00,-888.00,-1.00,81.00,-1.26
39.46154475212097,17432.00,-636.00,2216.00,-882.00,-12.00,122.00,-1.20
39.51464605331421,17536.00,-600.00,2276.00,-856.00,-34.00,127.00,-1.00
39.5721173286438,17464.00,-652.00,2228.00,-886.00,-2.00,108.00,-0.95
39.62474513053894,17464.00,-572.00,2176.00,-881.00,-1.00,118.00,-1.14
39.67796444892883,17516.00,-624.00,2284.00,-870.00,2.00,112.00,-1.00
39.73562431335449,17516.00,-672.00,2176.00,-890.00,33.00,122.00,-0.85
39.79330611228943,17548.00,-560.00,2216.00,-890.00,-25.00,123.00,-0.87
39.846569538116455,17452.00,-572.00,2268.00,-888.00,-20.00,111.00,-0.87
39.9041633605957,17500.00,-592.00,2192.00,-902.00,-9.00,112.00,-0.67
39.956674337387085,17424.00,-668.00,2200.00,-874.00,-1.00,131.00,-1.06
40.01392960548401,17416.00,-624.00,2132.00,-901.00,-13.00,120.00,-1.05
40.067649364471436,17496.00,-604.00,2176.00,-879.00,7.00,139.00,-1.19
40.12492275238037,17464.00,-652.00,2368.00,-868.00,-7.00,100.00,-1.09
40.1781542301178,17500.00,-472.00,2188.00,-873.00,-6.00,87.00,-0.83
40.23150062561035,17512.00,-584.00,2156.00,-870.00,-15.00,83.00,-0.83
40.28457260131836,17524.00,-656.00,2420.00,-872.00,-9.00,99.00,-0.94
40.34208655357361,17508.00,-712.00,2348.00,-878.00,-5.00,117.00,-1.31
40.395111322402954,17416.00,-568.00,2184.00,-887.00,21.00,115.00,-1.24
40.45263123512268,17464.00,-632.00,2152.00,-881.00,-7.00,122.00,-0.99
40.505730867385864,17456.00,-628.00,2168.00,-858.00,-5.00,136.00,-0.92
40.56303787231445,17432.00,-532.00,2176.00,-922.00,35.00,129.00,-0.79
40.615262031555176,17424.00,-584.00,2148.00,-866.00,-6.00,103.00,-0.79
40.67420172691345,17340.00,-616.00,2168.00,-873.00,-17.00,144.00,-0.95
40.72681498527527,17488.00,-516.00,2224.00,-901.00,19.00,121.00,-0.99
40.7839298248291,17444.00,-528.00,2280.00,-885.00,20.00,114.00,-1.09
40.83817529678345,17384.00,-612.00,2116.00,-853.00,-42.00,107.00,-0.70
40.89446544647217,17392.00,-712.00,2244.00,-876.00,-23.00,119.00,-0.61
40.95133090019226,17468.00,-588.00,2272.00,-898.00,11.00,119.00,-0.85
41.00544714927673,17492.00,-692.00,2272.00,-871.00,-16.00,104.00,-0.85
41.06209444999695,17456.00,-580.00,2148.00,-876.00,-13.00,105.00,-0.69
41.11583757400513,17520.00,-664.00,2288.00,-921.00,23.00,143.00,-1.00
41.17325448989868,17436.00,-644.00,2160.00,-911.00,24.00,125.00,-0.84
41.22670006752014,17536.00,-528.00,2268.00,-880.00,35.00,107.00,-0.88
41.28429579734802,17484.00,-576.00,2264.00,-862.00,-46.00,134.00,-1.00
41.3369140625,17444.00,-616.00,2336.00,-878.00,24.00,111.00,-1.01
41.394601821899414,17528.00,-672.00,2304.00,-864.00,-12.00,114.00,-1.01
41.45190382003784,17488.00,-628.00,2248.00,-879.00,10.00,112.00,-1.21
41.50527787208557,17536.00,-616.00,2256.00,-904.00,9.00,122.00,-1.23
41.55830383300781,17480.00,-596.00,2280.00,-884.00,32.00,122.00,-0.88
41.614990234375,17504.00,-608.00,2176.00,-850.00,-17.00,104.00,-0.96
41.66901516914368,17644.00,-632.00,2348.00,-895.00,0.00,97.00,-1.03
41.725348234176636,17544.00,-652.00,2216.00,-877.00,-20.00,119.00,-1.03
41.77903985977173,17476.00,-604.00,2348.00,-888.00,24.00,94.00,-1.03
41.83235692977905,17484.00,-656.00,2192.00,-875.00,-4.00,100.00,-0.73
41.890341997146606,17576.00,-668.00,2144.00,-886.00,-32.00,152.00,-0.59
41.947237491607666,17480.00,-644.00,2092.00,-880.00,-29.00,104.00,-1.10
42.00013518333435,17500.00,-624.00,2148.00,-887.00,19.00,87.00,-1.40
42.05414843559265,17508.00,-612.00,2180.00,-887.00,-14.00,97.00,-1.20
42.111016273498535,17556.00,-520.00,2100.00,-865.00,-21.00,118.00,-1.14
42.16407299041748,17400.00,-588.00,2240.00,-884.00,42.00,132.00,-1.14
42.22106385231018,17576.00,-608.00,2252.00,-849.00,-30.00,108.00,-1.07
42.27913784980774,17520.00,-576.00,2300.00,-882.00,-24.00,143.00,-1.08
42.33198142051697,17460.00,-640.00,2356.00,-929.00,16.00,137.00,-1.17
42.38924598693848,17480.00,-624.00,2276.00,-865.00,13.00,113.00,-0.90
42.443071603775024,17436.00,-600.00,2220.00,-898.00,3.00,97.00,-1.03
42.496253967285156,17540.00,-632.00,2224.00,-869.00,-1.00,119.00,-1.12
42.54892921447754,17536.00,-672.00,2100.00,-900.00,-8.00,130.00,-0.96
42.60641884803772,17464.00,-660.00,2192.00,-906.00,-21.00,125.00,-0.96
42.65979194641113,17584.00,-544.00,2320.00,-875.00,1.00,105.00,-1.17
42.717609882354736,17472.00,-572.00,2068.00,-913.00,-6.00,111.00,-1.10
42.77410316467285,17456.00,-592.00,2120.00,-893.00,-19.00,106.00,-1.01
42.8270583152771,17448.00,-640.00,2152.00,-864.00,-27.00,85.00,-1.00
42.88051724433899,17420.00,-592.00,2300.00,-909.00,-5.00,135.00,-1.03
42.93833112716675,17396.00,-684.00,2164.00,-852.00,11.00,97.00,-1.33
42.992093563079834,17536.00,-524.00,2272.00,-901.00,46.00,130.00,-1.33
43.044593334198,17372.00,-676.00,2168.00,-938.00,30.00,84.00,-1.09
43.102299213409424,17428.00,-624.00,2136.00,-940.00,-8.00,113.00,-1.13
43.154889822006226,17448.00,-492.00,2128.00,-864.00,-4.00,75.00,-1.03
43.21306800842285,17512.00,-688.00,2204.00,-864.00,-22.00,105.00,-0.81
43.26628518104553,17444.00,-740.00,2348.00,-869.00,16.00,139.00,-0.89
43.319042921066284,17548.00,-484.00,2272.00,-898.00,16.00,90.00,-0.83
43.37692093849182,17460.00,-656.00,2276.00,-934.00,34.00,158.00,-0.83
43.43032455444336,17532.00,-644.00,1952.00,-852.00,6.00,181.00,-0.80
43.483606815338135,17476.00,-676.00,2416.00,-847.00,-6.00,107.00,-0.81
43.54063010215759,17464.00,-576.00,2212.00,-908.00,42.00,100.00,-0.94
43.59390139579773,17468.00,-708.00,2224.00,-885.00,5.00,125.00,-0.82
43.64663338661194,17428.00,-604.00,2008.00,-823.00,-54.00,63.00,-0.82
43.70428776741028,17456.00,-512.00,2324.00,-823.00,-17.00,88.00,-0.70
43.75741529464722,17412.00,-580.00,2420.00,-906.00,1.00,139.00,-0.70
43.814305782318115,17576.00,-552.00,2012.00,-893.00,-17.00,147.00,-0.78
43.868313789367676,17484.00,-636.00,2352.00,-882.00,-22.00,94.00,-0.60
43.92444372177124,17504.00,-612.00,2128.00,-878.00,-1.00,129.00,-0.92
43.97891616821289,17440.00,-608.00,2476.00,-885.00,-2.00,110.00,-0.86
44.0356559753418,17472.00,-624.00,2132.00,-912.00,38.00,104.00,-0.94
44.089733362197876,17460.00,-664.00,2184.00,-853.00,-7.00,128.00,-1.25
44.142624616622925,17428.00,-556.00,2328.00,-905.00,2.00,129.00,-1.25
44.200186252593994,17572.00,-616.00,2168.00,-874.00,-10.00,110.00,-0.96
44.253132820129395,17520.00,-660.00,2132.00,-901.00,0.00,109.00,-0.73
44.310412645339966,17404.00,-644.00,2264.00,-847.00,-31.00,137.00,-0.76
44.36410331726074,17520.00,-684.00,2212.00,-885.00,19.00,116.00,-0.68
44.42160224914551,17452.00,-608.00,2052.00,-905.00,-34.00,125.00,-0.58
44.47462010383606,17472.00,-624.00,2176.00,-895.00,10.00,110.00,-0.88
44.53156089782715,17504.00,-588.00,2256.00,-871.00,-17.00,128.00,-0.88
44.58962035179138,17468.00,-616.00,2228.00,-865.00,-12.00,128.00,-0.52
44.642725229263306,17488.00,-600.00,2232.00,-878.00,-9.00,96.00,-0.80
44.69553518295288,17480.00,-476.00,2252.00,-885.00,3.00,82.00,-0.56
44.75285363197327,17464.00,-624.00,2136.00,-877.00,-34.00,121.00,-0.58
44.80602216720581,17440.00,-664.00,2352.00,-862.00,26.00,110.00,-0.73
44.85961198806763,17472.00,-584.00,2292.00,-868.00,5.00,132.00,-1.10
44.912682056427,17424.00,-572.00,2176.00,-890.00,6.00,136.00,-0.89
44.969857692718506,17548.00,-628.00,2256.00,-881.00,-7.00,103.00,-0.89
45.02285432815552,17456.00,-484.00,2024.00,-859.00,-10.00,80.00,-0.71
45.08079409599304,17496.00,-536.00,2380.00,-821.00,-42.00,96.00,-0.93
45.133936643600464,17500.00,-612.00,2120.00,-862.00,14.00,112.00,-1.18
45.190972089767456,17508.00,-668.00,2212.00,-873.00,-5.00,117.00,-1.06
45.24457097053528,17484.00,-560.00,2256.00,-871.00,3.00,115.00,-0.81
45.29785895347595,17440.00,-668.00,2428.00,-873.00,25.00,109.00,-1.32
45.35499906539917,17460.00,-572.00,2184.00,-885.00,13.00,116.00,-1.32
45.40863370895386,17500.00,-592.00,2228.00,-878.00,-11.00,113.00,-0.71
45.465049028396606,17488.00,-500.00,2080.00,-881.00,-11.00,116.00,-0.76
45.522802114486694,17480.00,-512.00,2260.00,-850.00,-24.00,120.00,-1.04
45.58050513267517,17440.00,-540.00,2288.00,-909.00,-25.00,117.00,-0.84
